1,"[[ 8  0  0 16  2  0  4  0  0]
 [14  1  1  5  0  0  6  0  0]
 [ 6  0 12  3  1  2  6  0  0]
 [ 6  0  0 13  0  0  8  0  0]
 [ 9  0  0  7  0  1 11  2  0]
 [ 3  0  0 17  2  1  4  0  0]
 [ 4  0  0 20  1  1  4  0  0]
 [ 6  0  1 12  4  0  7  0  0]
 [ 2  0  0 23  0  0  3  0  2]]"
2,"[[ 1  0  0  0  0 16  0 13  0]
 [ 0 24  0  0  0  1  0  2  0]
 [ 0  7  9  0  0  5  0  9  0]
 [ 0  1  0  0  0 16  0  9  1]
 [ 2  7  0  0  0 12  0  7  2]
 [ 0  0  0  1  0 15  0 11  0]
 [ 0  0  0  0  0 14  0  8  8]
 [ 0  3  0  0  0  9  0 18  0]
 [ 0  0  0  0  0  4  0  4 22]]"
3,"[[ 3  0  0  2  5 11  2  1  6]
 [ 5 18  1  0  2  1  0  0  0]
 [ 1  2 20  0  2  4  0  0  1]
 [ 2  1  0  1  3 10  4  0  6]
 [ 6  5  0  0  1  9  1  2  6]
 [ 3  1  0  1  9  6  4  0  3]
 [ 1  0  0  0  1  6  7  0 15]
 [ 2  2  2  0  3  4  1 13  3]
 [ 2  1  0  0  1  1  0  0 25]]"
4,"[[16  0  0 10  1  1  0  2  0]
 [ 9 16  2  0  0  0  0  0  0]
 [ 4  2 19  0  0  4  0  1  0]
 [11  0  0 10  1  5  0  0  0]
 [21  1  0  4  0  2  0  2  0]
 [15  0  0  7  2  3  0  0  0]
 [12  0  0 16  0  2  0  0  0]
 [10  1  1  3  0  1  0 14  0]
 [ 6  0  0  5  1  0  0  0 18]]"
5,"[[ 1  0  0  5  0  9  2 13  0]
 [ 2 19  2  0  0  0  0  4  0]
 [ 1  2 17  0  0  4  0  6  0]
 [ 1  0  0  4  0 10  5  7  0]
 [ 5  6  0  2  0  6  2  9  0]
 [ 3  0  0  3  0  7  2 12  0]
 [ 0  0  0 10  0  3  6 11  0]
 [ 0  0  2  1  0  3  0 24  0]
 [ 0  1  0  1  0  2  2  4 20]]"
6,"[[ 7  3  0  9  6  1  1  3  0]
 [ 1 22  3  0  1  0  0  0  0]
 [ 1  3 21  0  4  1  0  0  0]
 [ 3  2  1  7  9  1  3  1  0]
 [ 5 12  0  3  4  2  0  3  1]
 [ 0  4  1  5 15  0  0  2  0]
 [ 0  2  0 12  4  2  5  3  2]
 [ 1  2  4  2  6  0  0 15  0]
 [ 1  3  1  1  2  0  0  0 22]]"
7,"[[ 1  0  0 11 11  3  0  2  2]
 [ 0 16  6  1  4  0  0  0  0]
 [ 0  2 20  0  7  1  0  0  0]
 [ 0  0  1  8 14  4  0  0  0]
 [ 2  6  0  3 10  3  0  3  3]
 [ 1  4  0  5 16  0  0  1  0]
 [ 0  0  0 12  6  4  4  0  4]
 [ 0  1  4  1  8  2  0 14  0]
 [ 0  0  1  1  4  0  0  0 24]]"
8,"[[ 4  0  0  2  2 12  6  4  0]
 [ 2 18  2  0  2  2  0  1  0]
 [ 0  2 19  0  0  6  1  2  0]
 [ 0  0  0  1  4 13  7  2  0]
 [ 4  3  0  0  1 11  5  6  0]
 [ 0  1  0  3  5 11  3  4  0]
 [ 0  0  0  2  2  6 16  2  2]
 [ 3  0  2  1  2  6  0 16  0]
 [ 0  2  0  1  2  3  1  0 21]]"
9,"[[ 6  0  0 11  5  2  1  5  0]
 [ 0 17  5  2  3  0  0  0  0]
 [ 1  3 19  1  2  2  0  2  0]
 [ 3  1  0  9  8  1  2  3  0]
 [ 8  6  0  4  6  0  0  5  1]
 [ 0  2  0  8 12  0  0  5  0]
 [ 1  0  0 13  1  2  5  6  2]
 [ 1  1  2  2  6  0  0 18  0]
 [ 1  2  1  2  2  0  0  0 22]]"
10,"[[11  2  0  8  3  4  0  2  0]
 [ 4 16  5  0  1  1  0  0  0]
 [ 3  2 21  2  0  2  0  0  0]
 [ 8  2  0  7  5  1  4  0  0]
 [17  6  0  2  2  0  0  2  1]
 [11  3  0  4  5  2  1  1  0]
 [ 7  0  0  9  0  4  7  0  3]
 [ 9  0  2  1  2  1  0 15  0]
 [ 3  1  1  2  1  0  0  0 22]]"
11,"[[ 3  0  0  3  0 16  4  3  1]
 [ 1 13  9  0  1  3  0  0  0]
 [ 0  2 21  0  0  7  0  0  0]
 [ 0  0  0  1  0 18  8  0  0]
 [ 6  2  0  0  0 14  2  3  3]
 [ 0  0  1  3  3 15  2  3  0]
 [ 0  0  0  3  0 11 12  1  3]
 [ 2  0  2  0  0  9  0 17  0]
 [ 1  0  1  0  1  2  1  0 24]]"
12,"[[ 4  0  0  3  7  3  6  5  2]
 [ 0 17  5  1  3  1  0  0  0]
 [ 0  2 19  1  1  5  0  2  0]
 [ 1  1  0  4  8  3  8  2  0]
 [ 6  3  0  1  7  3  2  6  2]
 [ 0  3  0  4 12  2  3  3  0]
 [ 0  0  0  3  4  5 14  1  3]
 [ 1  0  2  1  6  2  0 18  0]
 [ 1  1  1  1  1  1  0  0 24]]"
13,"[[ 7  1  0 18  2  0  0  2  0]
 [ 1 16  5  3  2  0  0  0  0]
 [ 1  2 21  3  1  2  0  0  0]
 [ 0  2  0 17  5  1  2  0  0]
 [10  4  0  6  7  0  0  2  1]
 [ 2  4  0 10 10  0  0  1  0]
 [ 1  0  0 22  0  1  5  0  1]
 [ 3  0  2  4  3  0  0 18  0]
 [ 1  2  1  4  1  0  0  0 21]]"
14,"[[ 6  1  0 11  2  8  0  2  0]
 [ 0 18  6  1  1  1  0  0  0]
 [ 0  2 21  1  0  6  0  0  0]
 [ 1  2  0 10  6  5  3  0  0]
 [ 9  3  0  3  3  9  0  2  1]
 [ 2  2  0  4  6 10  2  1  0]
 [ 0  0  0 13  1  7  7  0  2]
 [ 3  0  2  3  2  3  0 17  0]
 [ 1  1  1  2  2  2  0  0 21]]"
15,"[[ 4  1  0  3  1 11  8  2  0]
 [ 0 18  6  0  1  2  0  0  0]
 [ 0  2 21  0  0  7  0  0  0]
 [ 3  1  0  3  3  9  8  0  0]
 [ 8  2  0  0  2 11  2  3  2]
 [ 2  2  0  3  3 13  2  2  0]
 [ 0  0  0  3  1 10 13  1  2]
 [ 3  0  2  1  1  6  0 17  0]
 [ 1  2  1  0  1  1  1  0 23]]"
16,"[[ 6  1  0  4  7  3  6  3  0]
 [ 1 12 11  1  1  1  0  0  0]
 [ 1  2 22  1  1  2  1  0  0]
 [ 3  1  0  5  8  2  8  0  0]
 [ 8  3  1  3  7  2  0  4  2]
 [ 1  1  1  4 12  2  3  3  0]
 [ 1  0  0  6  3  3 12  2  3]
 [ 4  0  2  1  4  1  0 18  0]
 [ 1  2  1  1  2  0  0  0 23]]"
17,"[[ 7  1  0  9  6  5  1  1  0]
 [ 1 14  8  1  2  1  0  0  0]
 [ 1  2 21  1  0  5  0  0  0]
 [ 3  0  0  8  7  4  5  0  0]
 [ 8  0  0  3  7  9  0  2  1]
 [ 1  1  0  5 11  5  2  2  0]
 [ 1  0  0  8  4  7  9  0  1]
 [ 4  0  2  1  3  3  0 17  0]
 [ 1  1  1  2  2  1  0  0 22]]"
18,"[[ 6  1  0 14  1  4  3  1  0]
 [ 1 17  6  1  1  1  0  0  0]
 [ 1  2 21  2  0  4  0  0  0]
 [ 4  2  0 11  0  4  6  0  0]
 [12  3  0  3  2  7  0  2  1]
 [ 1  2  1  6  4 10  2  1  0]
 [ 1  0  0 12  0  5 10  0  2]
 [ 4  0  2  4  1  2  0 17  0]
 [ 2  3  1  2  0  1  0  0 21]]"
19,"[[ 4  1  0  6  2 11  3  2  1]
 [ 0 13 12  1  0  1  0  0  0]
 [ 0  2 23  1  0  4  0  0  0]
 [ 1  1  0  5  4  7  7  2  0]
 [ 8  1  0  2  3 10  0  4  2]
 [ 1  0  4  4  4 11  2  1  0]
 [ 0  0  0  3  1 13 10  1  2]
 [ 4  0  2  1  1  5  0 17  0]
 [ 1  1  2  0  2  2  0  0 22]]"
20,"[[ 7  1  0 11  4  5  0  2  0]
 [ 0 18  7  1  0  1  0  0  0]
 [ 0  4 22  2  0  2  0  0  0]
 [ 3  3  0 10  5  2  4  0  0]
 [11  5  0  2  4  2  0  4  2]
 [ 2  4  2  5  9  3  1  1  0]
 [ 1  1  0 10  0  7  6  2  3]
 [ 4  0  2  2  3  1  0 18  0]
 [ 1  3  1  1  1  0  0  0 23]]"
21,"[[ 6  1  0 12  2  0  8  1  0]
 [ 3 14  7  2  1  0  0  0  0]
 [ 2  2 22  1  0  2  1  0  0]
 [ 6  1  0  7  4  1  8  0  0]
 [16  1  0  2  3  2  2  3  1]
 [ 4  2  1  5  8  2  4  1  0]
 [ 2  0  0  9  0  0 16  1  2]
 [ 4  0  2  3  2  1  0 18  0]
 [ 2  2  1  1  1  0  1  0 22]]"
22,"[[ 5  0  1 10  1 10  2  1  0]
 [ 1 12 12  1  0  1  0  0  0]
 [ 0  1 23  1  0  5  0  0  0]
 [ 3  0  0 10  2  8  4  0  0]
 [10  0  0  2  2 12  0  2  2]
 [ 1  0  3  6  3 13  0  1  0]
 [ 1  0  0  9  0 13  4  0  3]
 [ 4  0  2  2  0  5  0 17  0]
 [ 1  0  2  2  1  2  0  0 22]]"
23,"[[ 3  1  0  9  2 10  4  1  0]
 [ 0 14 11  1  0  1  0  0  0]
 [ 0  2 22  1  0  4  1  0  0]
 [ 1  1  0 10  4  6  5  0  0]
 [ 3  0  0  4  7 12  0  2  2]
 [ 0  1  3  4  4 11  2  2  0]
 [ 1  0  0  6  0 12  7  1  3]
 [ 3  0  2  2  3  3  0 17  0]
 [ 1  0  2  1  2  2  1  0 21]]"
24,"[[ 8  3  0  9  4  0  5  1  0]
 [ 1 19  5  2  0  0  0  0  0]
 [ 1  4 21  1  0  2  1  0  0]
 [ 4  2  0 10  4  1  6  0  0]
 [12  8  0  2  5  0  0  3  0]
 [ 3  4  1  5  9  1  3  1  0]
 [ 2  1  0 12  0  1 12  1  1]
 [ 4  0  2  3  3  0  0 18  0]
 [ 2  3  1  1  0  0  3  0 20]]"
25,"[[11  1  0  6  1  7  2  2  0]
 [ 3 13  9  1  0  1  0  0  0]
 [ 1  2 21  1  0  3  1  1  0]
 [ 9  0  0  7  1  6  4  0  0]
 [15  1  0  2  2  5  0  4  1]
 [ 5  1  1  3  3 10  2  2  0]
 [ 1  0  0  7  0 11  7  1  3]
 [ 4  0  2  2  1  3  0 18  0]
 [ 2  1  2  1  0  1  0  0 23]]"
26,"[[ 9  1  0  7  0 10  2  1  0]
 [ 4 12  9  1  0  1  0  0  0]
 [ 1  2 21  1  0  5  0  0  0]
 [ 6  0  0  8  1  8  4  0  0]
 [14  0  0  2  1 10  0  2  1]
 [ 4  0  2  4  2 13  1  1  0]
 [ 1  0  0  8  0 11  7  0  3]
 [ 4  0  2  1  0  6  0 17  0]
 [ 2  0  2  1  0  2  1  0 22]]"
27,"[[ 5  1  0  7  2  9  5  1  0]
 [ 0 13 12  1  0  1  0  0  0]
 [ 0  2 22  1  0  5  0  0  0]
 [ 3  1  0  7  5  7  4  0  0]
 [11  1  0  2  6  8  0  2  0]
 [ 1  0  4  4  4 12  1  1  0]
 [ 1  0  0  8  0 12  8  0  1]
 [ 4  0  2  1  2  4  0 17  0]
 [ 1  0  2  1  2  2  1  0 21]]"
28,"[[ 7  1  0  6  4  5  6  1  0]
 [ 0 14 11  1  0  1  0  0  0]
 [ 1  2 22  1  1  2  1  0  0]
 [ 4  2  0  8  6  3  4  0  0]
 [10  4  1  2  6  5  0  2  0]
 [ 3  2  1  4  8  6  2  1  0]
 [ 1  0  0  8  4  7 10  0  0]
 [ 4  0  2  1  3  3  0 17  0]
 [ 2  1  2  2  0  1  2  0 20]]"
29,"[[ 7  0  1 12  0  8  0  2  0]
 [ 1 11 15  0  0  0  0  0  0]
 [ 1  1 24  2  0  2  0  0  0]
 [ 6  0  1 10  1  6  3  0  0]
 [15  0  3  2  2  3  0  4  1]
 [ 3  0  4  5  3 11  0  1  0]
 [ 2  0  0 13  0  8  5  2  0]
 [ 3  0  3  2  0  4  0 18  0]
 [ 2  1  2  2  0  2  0  0 21]]"
30,"[[ 8  1  0  6  2  8  4  1  0]
 [ 1 13 11  1  0  1  0  0  0]
 [ 1  2 22  1  0  4  0  0  0]
 [ 5  0  0  8  3  6  5  0  0]
 [12  0  0  2  3  9  0  2  2]
 [ 4  1  1  4  5 10  2  0  0]
 [ 1  0  0  8  0 11  8  0  2]
 [ 4  0  2  1  1  5  0 17  0]
 [ 2  0  2  1  1  2  1  0 21]]"
31,"[[ 8  1  0  7  5  4  4  1  0]
 [ 2 16  7  1  0  1  0  0  0]
 [ 1  3 21  1  1  3  0  0  0]
 [ 5  0  0  7  7  4  4  0  0]
 [13  1  0  2  8  4  0  2  0]
 [ 4  2  1  4  9  5  2  0  0]
 [ 2  0  0  7  3  8  9  0  1]
 [ 5  0  2  1  3  3  0 16  0]
 [ 1  1  1  1  2  2  1  0 21]]"
32,"[[ 5  1  0 14  0  7  2  1  0]
 [ 1 13 11  1  0  1  0  0  0]
 [ 1  2 22  2  0  3  0  0  0]
 [ 5  0  0 12  0  8  2  0  0]
 [10  0  0  4  2 12  0  2  0]
 [ 2  0  3  7  3 11  0  1  0]
 [ 2  0  0 11  0  9  8  0  0]
 [ 4  0  2  1  0  6  0 17  0]
 [ 2  1  2  2  0  2  0  0 21]]"
33,"[[ 4  1  0  9  0 12  3  1  0]
 [ 0 14 12  0  0  1  0  0  0]
 [ 0  2 24  1  0  3  0  0  0]
 [ 2  1  0  9  1 11  3  0  0]
 [ 7  1  0  3  3 12  0  2  2]
 [ 1  0  4  5  4 11  1  1  0]
 [ 1  0  0  7  0 14  7  0  1]
 [ 3  0  3  1  0  6  0 17  0]
 [ 2  0  2  2  0  3  0  0 21]]"
34,"[[ 8  1  0 10  2  4  4  1  0]
 [ 1 16  8  1  0  1  0  0  0]
 [ 2  2 22  2  0  2  0  0  0]
 [ 6  1  0 10  3  3  4  0  0]
 [13  2  0  3  4  4  0  2  2]
 [ 3  2  1  5  8  4  4  0  0]
 [ 1  0  0 12  1  2 11  0  3]
 [ 5  0  2  2  2  3  0 16  0]
 [ 2  2  2  2  0  0  0  0 22]]"
35,"[[ 8  1  0  7  0  5  8  1  0]
 [ 2 14  9  1  0  1  0  0  0]
 [ 1  2 22  1  0  3  1  0  0]
 [ 6  1  0  6  2  3  9  0  0]
 [15  1  0  2  3  5  2  2  0]
 [ 5  0  3  4  4  7  4  0  0]
 [ 1  0  0  9  0  5 14  0  1]
 [ 5  0  2  2  1  3  0 17  0]
 [ 2  0  2  1  0  1  3  0 21]]"
36,"[[ 5  1  0  6  1 13  3  1  0]
 [ 1 12 12  0  0  2  0  0  0]
 [ 0  1 23  1  0  5  0  0  0]
 [ 2  0  0  8  1 13  3  0  0]
 [ 3  0  0  3  7 14  0  2  1]
 [ 1  0  3  5  6 10  1  1  0]
 [ 0  0  0  6  1 15  7  0  1]
 [ 2  0  3  2  0  6  0 17  0]
 [ 1  0  2  2  1  3  0  0 21]]"
37,"[[ 6  1  0  8  2  9  3  1  0]
 [ 0 18  7  0  0  2  0  0  0]
 [ 1  3 21  1  0  4  0  0  0]
 [ 4  2  0  9  5  4  3  0  0]
 [ 7  7  0  2  5  5  0  2  2]
 [ 2  2  1  5  6  9  2  0  0]
 [ 1  0  0 10  0  9  9  0  1]
 [ 4  0  2  1  3  3  0 17  0]
 [ 1  3  1  2  1  1  0  0 21]]"
38,"[[ 8  1  0 14  2  3  1  1  0]
 [ 1 17  7  1  0  1  0  0  0]
 [ 1  4 21  2  0  2  0  0  0]
 [ 7  1  0 11  3  2  3  0  0]
 [13  4  0  2  3  4  0  2  2]
 [ 3  2  1  6  8  4  3  0  0]
 [ 1  0  0 15  0  3 10  0  1]
 [ 5  0  2  1  2  3  0 17  0]
 [ 2  3  1  2  0  0  0  0 22]]"
39,"[[10  0  1  4  4  7  2  1  1]
 [ 1 10 15  0  0  1  0  0  0]
 [ 1  1 24  1  0  3  0  0  0]
 [ 7  0  0  7  5  5  3  0  0]
 [11  0  0  2  6  7  0  2  2]
 [ 5  0  3  4  7  7  1  0  0]
 [ 1  0  0  5  2 10  9  1  2]
 [ 5  0  2  1  2  3  0 17  0]
 [ 2  0  2  1  1  1  0  0 23]]"
40,"[[ 4  1  0 11  1 12  0  1  0]
 [ 1 11 11  1  0  3  0  0  0]
 [ 1  2 20  1  0  6  0  0  0]
 [ 3  0  0 13  5  4  2  0  0]
 [ 4  0  0  4  7 12  0  2  1]
 [ 1  0  2  7  6 10  0  1  0]
 [ 2  0  0 12  1 10  5  0  0]
 [ 3  0  2  3  1  4  0 17  0]
 [ 1  0  2  2  2  2  0  0 21]]"
41,"[[ 8  1  0 11  0  8  1  1  0]
 [ 5 16  3  1  0  2  0  0  0]
 [ 1  3 19  2  0  4  0  1  0]
 [ 6  0  0 12  0  6  3  0  0]
 [15  0  0  2  1 10  0  2  0]
 [ 8  2  0  5  2 10  0  0  0]
 [ 2  0  0 13  0  9  5  1  0]
 [ 5  0  2  1  0  5  0 17  0]
 [ 2  2  1  2  0  2  0  0 21]]"
42,"[[ 9  1  0  6  0  9  4  1  0]
 [ 0 15 10  1  0  1  0  0  0]
 [ 1  2 22  1  0  4  0  0  0]
 [ 8  0  0  8  1  5  5  0  0]
 [13  0  0  2  2  8  1  3  1]
 [ 4  1  2  4  4  8  3  1  0]
 [ 2  0  0 11  0  8  9  0  0]
 [ 5  0  2  1  0  5  0 17  0]
 [ 2  2  1  1  0  0  3  0 21]]"
43,"[[ 5  0  1  9  4  8  2  1  0]
 [ 0 11 16  0  0  0  0  0  0]
 [ 0  1 25  1  0  3  0  0  0]
 [ 3  0  1 10  6  4  3  0  0]
 [ 5  0  6  3  9  4  0  2  1]
 [ 1  0  4  4  8  7  2  1  0]
 [ 2  0  0 11  1  8  7  1  0]
 [ 2  0  5  1  3  2  0 17  0]
 [ 1  0  3  1  2  1  0  0 22]]"
44,"[[ 9  1  0 11  0  8  0  1  0]
 [ 0 13 13  0  0  1  0  0  0]
 [ 1  3 22  2  0  2  0  0  0]
 [ 5  1  0 15  0  5  1  0  0]
 [12  1  1  3  3  7  0  2  1]
 [ 5  1  2  6  4  9  0  0  0]
 [ 2  0  0 15  0 10  2  1  0]
 [ 4  0  2  2  0  5  0 17  0]
 [ 2  3  1  2  0  0  0  0 22]]"
45,"[[ 5  1  0 10  1  7  5  1  0]
 [ 0 17  8  1  0  1  0  0  0]
 [ 1  2 21  1  0  4  1  0  0]
 [ 3  1  0 11  3  3  6  0  0]
 [ 7  0  0  4  5 10  1  2  1]
 [ 2  2  1  5  7  6  3  1  0]
 [ 1  0  0 12  0  8  9  0  0]
 [ 3  0  2  3  1  3  1 17  0]
 [ 1  3  1  1  1  0  2  0 21]]"
46,"[[ 6  1  0  3  3 11  4  1  1]
 [ 0 12 13  0  0  2  0  0  0]
 [ 0  1 23  1  0  5  0  0  0]
 [ 4  0  0  6  3  7  7  0  0]
 [ 9  0  0  2  5 10  0  2  2]
 [ 4  0  3  4  5  9  2  0  0]
 [ 1  0  0  4  0 13  9  0  3]
 [ 4  0  2  1  0  5  0 17  1]
 [ 1  0  2  0  2  1  2  0 22]]"
47,"[[ 8  1  0  6  1 10  3  1  0]
 [ 2 12 11  0  0  2  0  0  0]
 [ 0  2 22  1  0  5  0  0  0]
 [ 6  0  0 10  0  8  3  0  0]
 [10  0  0  3  3 11  0  2  1]
 [ 5  0  3  4  3 11  1  0  0]
 [ 2  0  0 13  0 10  5  0  0]
 [ 5  0  2  1  0  5  0 17  0]
 [ 2  0  2  2  1  1  0  0 22]]"
48,"[[ 5  1  0  6  5  8  4  1  0]
 [ 0 14 12  0  0  1  0  0  0]
 [ 0  3 23  1  0  2  1  0  0]
 [ 0  2  0 11  5  3  6  0  0]
 [ 6  3  0  4  9  5  0  2  1]
 [ 2  2  1  5  7  7  2  1  0]
 [ 0  0  0  9  2  8 10  0  1]
 [ 3  0  2  2  3  3  0 17  0]
 [ 1  3  1  1  1  0  1  0 22]]"
49,"[[ 6  1  0 13  2  3  3  1  1]
 [ 0 12 14  0  0  1  0  0  0]
 [ 0  2 24  2  0  2  0  0  0]
 [ 1  1  0 14  3  3  5  0  0]
 [ 9  0  1  6  4  6  0  3  1]
 [ 3  0  3  6  6  7  2  0  0]
 [ 0  0  0 17  0  6  6  0  1]
 [ 3  0  2  4  1  1  1 18  0]
 [ 1  2  2  2  1  0  0  0 22]]"
50,"[[ 8  1  0  3  1 12  2  1  2]
 [ 0 12 14  0  0  1  0  0  0]
 [ 0  2 23  1  0  4  0  0  0]
 [ 6  0  0  6  0 11  4  0  0]
 [10  0  0  2  2 13  0  2  1]
 [ 6  0  3  3  2 11  1  0  1]
 [ 1  0  0  3  0 17  4  1  4]
 [ 4  0  2  1  0  5  0 17  1]
 [ 2  1  2  1  0  1  0  0 23]]"
51,"[[ 6  1  0 10  3  5  4  1  0]
 [ 0 18  7  1  0  1  0  0  0]
 [ 0  5 21  2  0  2  0  0  0]
 [ 0  2  0 12  4  3  6  0  0]
 [ 9  2  0  4  6  6  0  2  1]
 [ 3  2  1  5  6  8  2  0  0]
 [ 1  0  0 10  1  9  9  0  0]
 [ 3  0  2  3  1  3  1 17  0]
 [ 1  3  1  1  1  0  1  0 22]]"
52,"[[ 6  1  0 11  3  4  4  1  0]
 [ 1 12 12  1  0  1  0  0  0]
 [ 0  1 25  1  0  2  1  0  0]
 [ 1  0  0 13  3  4  6  0  0]
 [ 8  0  0  4  3 11  1  2  1]
 [ 3  0  3  5  6  8  2  0  0]
 [ 1  0  0 12  0  7 10  0  0]
 [ 3  0  2  3  1  3  1 17  0]
 [ 1  0  2  2  2  1  2  0 20]]"
53,"[[ 8  1  0  5  1 10  3  1  1]
 [ 1 12 12  0  0  2  0  0  0]
 [ 0  1 24  1  0  4  0  0  0]
 [ 5  0  0  7  1  9  5  0  0]
 [10  0  0  2  2 13  0  2  1]
 [ 5  0  3  4  3 11  1  0  0]
 [ 1  0  0  5  0 13  8  1  2]
 [ 4  0  2  1  0  5  1 17  0]
 [ 1  0  2  0  1  1  2  0 23]]"
54,"[[ 6  1  0  5  8  5  2  1  2]
 [ 1 13 11  0  0  2  0  0  0]
 [ 0  2 24  1  0  3  0  0  0]
 [ 2  1  1  9  7  3  4  0  0]
 [ 8  0  0  4  6  9  0  2  1]
 [ 3  0  3  5  7  7  2  0  0]
 [ 1  0  0  8  2  8  7  1  3]
 [ 2  0  3  2  2  3  0 17  1]
 [ 1  0  2  1  2  1  1  0 22]]"
55,"[[ 7  1  0 12  3  6  1  0  0]
 [ 1 12 13  0  0  1  0  0  0]
 [ 0  1 25  2  0  2  0  0  0]
 [ 4  0  0 12  2  4  5  0  0]
 [ 9  0  0  5  3 10  0  2  1]
 [ 3  0  3  6  6  8  1  0  0]
 [ 2  0  0 15  0  8  5  0  0]
 [ 2  0  3  3  1  3  1 17  0]
 [ 1  0  2  3  2  1  0  0 21]]"
56,"[[ 8  1  0  5  4  8  4  0  0]
 [ 2 14  8  0  0  3  0  0  0]
 [ 0  1 24  1  0  4  0  0  0]
 [ 4  0  0  8  4  6  5  0  0]
 [ 7  0  0  4  4 12  0  2  1]
 [ 3  0  3  5  5 10  1  0  0]
 [ 2  0  0  8  1 10  9  0  0]
 [ 3  0  2  2  1  3  2 17  0]
 [ 1  0  2  1  2  1  2  0 21]]"
57,"[[10  1  0  4  4  8  3  0  0]
 [ 2 15  8  0  0  2  0  0  0]
 [ 0  1 24  1  0  4  0  0  0]
 [ 6  0  0  7  3  8  3  0  0]
 [ 9  0  0  2  4 12  0  2  1]
 [ 3  1  2  5  5 10  1  0  0]
 [ 2  0  0  6  1 12  8  1  0]
 [ 5  0  2  1  2  3  0 17  0]
 [ 1  0  2  1  2  2  1  0 21]]"
58,"[[ 6  1  0 16  2  3  1  1  0]
 [ 0 12 14  1  0  0  0  0  0]
 [ 0  1 25  2  0  2  0  0  0]
 [ 1  0  1 16  2  3  4  0  0]
 [ 6  0  1  5  3 10  0  3  2]
 [ 2  0  3  8  5  8  1  0  0]
 [ 0  0  0 14  0  6  7  0  3]
 [ 2  0  3  3  1  3  1 17  0]
 [ 1  1  2  2  2  0  0  0 22]]"
59,"[[ 6  1  0  6  5  3  6  1  2]
 [ 0 18  9  0  0  0  0  0  0]
 [ 0  2 24  1  0  2  1  0  0]
 [ 1  1  1 10  4  2  7  0  1]
 [ 7  4  0  4  6  5  0  3  1]
 [ 3  1  2  5  7  6  2  1  0]
 [ 1  0  0  7  1  6 11  1  3]
 [ 2  0  4  2  1  2  2 17  0]
 [ 1  3  1  1  1  0  1  0 22]]"
60,"[[11  1  0  5  2 10  0  0  1]
 [ 0 18  7  0  0  2  0  0  0]
 [ 0  2 24  1  0  3  0  0  0]
 [ 6  0  1  7  2  8  3  0  0]
 [ 8  0  0  2  2 15  0  2  1]
 [ 4  0  3  6  4 10  0  0  0]
 [ 2  0  0  4  1 15  6  1  1]
 [ 5  0  2  1  1  4  0 17  0]
 [ 1  1  2  1  1  1  1  0 22]]"
61,"[[ 7  1  0 14  2  6  0  0  0]
 [ 0 11 15  0  0  1  0  0  0]
 [ 0  1 25  2  0  2  0  0  0]
 [ 2  0  2 14  1  5  3  0  0]
 [ 7  0  1  4  4 11  0  2  1]
 [ 2  0  3  8  6  8  0  0  0]
 [ 1  0  0 17  0  8  4  0  0]
 [ 2  0  4  3  2  2  0 17  0]
 [ 1  0  2  2  2  1  0  0 22]]"
62,"[[ 9  1  0  3  3  2 11  0  1]
 [ 2 16  7  1  0  1  0  0  0]
 [ 0  2 22  1  0  2  2  1  0]
 [ 5  1  0  5  2  2 12  0  0]
 [11  1  0  2  4  5  2  4  1]
 [ 4  1  2  5  4  4  5  1  1]
 [ 2  0  0  3  0  5 15  1  4]
 [ 3  0  1  1  1  1  4 19  0]
 [ 2  2  1  0  0  0  3  0 22]]"
63,"[[12  0  0  5  2  9  0  0  2]
 [ 2 11 10  0  0  4  0  0  0]
 [ 1  1 22  1  0  5  0  0  0]
 [ 7  0  0  6  3  6  2  0  3]
 [ 9  0  0  2  2 13  0  2  2]
 [ 4  0  3  4  5  9  0  0  2]
 [ 2  0  0  5  1 12  4  1  5]
 [ 5  0  2  1  2  3  0 17  0]
 [ 2  0  2  2  1  1  0  0 22]]"
64,"[[ 6  1  0 12  1 10  0  0  0]
 [ 0 12 13  0  0  2  0  0  0]
 [ 0  1 25  1  0  3  0  0  0]
 [ 2  0  1 13  3  7  1  0  0]
 [ 5  0  0  4  3 15  0  2  1]
 [ 3  0  3  6  6  9  0  0  0]
 [ 1  0  0 13  1 12  2  1  0]
 [ 2  0  3  3  2  3  0 17  0]
 [ 1  0  2  2  2  1  0  0 22]]"
65,"[[ 5  1  0  5  6  5  7  1  0]
 [ 0 12 14  0  0  1  0  0  0]
 [ 0  1 25  1  0  2  1  0  0]
 [ 0  2  2  9  2  3  8  1  0]
 [ 5  1  2  4  5  7  0  5  1]
 [ 1  0  3  6  6  7  3  1  0]
 [ 0  0  0  8  1  6 12  1  2]
 [ 1  0  3  2  2  1  1 20  0]
 [ 1  2  2  1  1  0  1  0 22]]"
66,"[[13  1  0  3  1  8  3  0  1]
 [ 2 13 11  0  0  1  0  0  0]
 [ 0  1 25  1  0  3  0  0  0]
 [ 9  1  1  6  1  5  4  0  0]
 [14  1  1  2  1  9  0  1  1]
 [ 7  0  3  4  3  8  2  0  0]
 [ 3  0  0  5  0 10  9  0  3]
 [ 5  0  3  1  1  2  1 17  0]
 [ 2  2  2  1  0  0  1  0 22]]"
67,"[[ 6  1  0 11  1 10  1  0  0]
 [ 2 17  5  0  0  3  0  0  0]
 [ 0  2 22  1  0  5  0  0  0]
 [ 3  0  0 11  3  6  4  0  0]
 [ 6  0  0  4  2 15  0  2  1]
 [ 5  1  2  7  2 10  0  0  0]
 [ 1  0  0 13  0 11  5  0  0]
 [ 3  0  1  3  0  4  1 18  0]
 [ 2  2  1  2  0  1  0  0 22]]"
68,"[[ 5  1  0  8  5  8  2  1  0]
 [ 2 14  7  0  0  3  0  1  0]
 [ 1  1 20  1  0  4  0  3  0]
 [ 4  0  0 10  3  6  4  0  0]
 [ 7  0  0  3  5 10  0  4  1]
 [ 4  0  3  5  5  8  2  0  0]
 [ 2  0  0  7  1 10  8  2  0]
 [ 4  0  1  2  2  2  0 19  0]
 [ 2  0  1  2  0  1  2  1 21]]"
69,"[[ 9  1  0  8  6  5  1  0  0]
 [ 2 10 14  0  0  1  0  0  0]
 [ 0  1 25  1  0  3  0  0  0]
 [ 5  0  0 10  6  4  2  0  0]
 [ 9  0  0  3 10  4  0  3  1]
 [ 3  0  3  5  8  6  2  0  0]
 [ 2  0  0  9  2  9  7  0  1]
 [ 4  0  1  2  2  2  0 19  0]
 [ 2  0  2  2  1  1  0  0 22]]"
70,"[[ 6  1  0 12  1  9  1  0  0]
 [ 2 10 13  0  0  2  0  0  0]
 [ 0  1 25  1  0  3  0  0  0]
 [ 4  0  1 12  2  6  2  0  0]
 [ 7  0  1  4  4 12  0  1  1]
 [ 5  0  3  7  3  8  1  0  0]
 [ 1  0  0 13  0 11  5  0  0]
 [ 3  0  2  3  2  3  0 17  0]
 [ 2  0  2  2  0  2  0  0 22]]"
71,"[[ 5  1  0  9  2 12  1  0  0]
 [ 1 18  5  0  0  3  0  0  0]
 [ 0  3 21  1  0  5  0  0  0]
 [ 2  1  0 11  4  7  2  0  0]
 [ 5  1  0  4  3 14  0  2  1]
 [ 4  1  2  6  4  9  1  0  0]
 [ 1  0  0 11  0 13  5  0  0]
 [ 3  0  1  3  2  3  0 18  0]
 [ 2  2  1  2  0  1  1  0 21]]"
72,"[[ 9  1  0  2  6  6  5  0  1]
 [ 1 18  6  0  0  2  0  0  0]
 [ 0  5 21  1  0  3  0  0  0]
 [ 4  3  0  4  4  5  7  0  0]
 [ 8  2  0  2  6  7  0  4  1]
 [ 5  1  2  4  6  7  2  0  0]
 [ 0  0  0  3  2 10 10  1  4]
 [ 5  0  1  1  2  3  0 18  0]
 [ 2  3  1  0  0  0  2  0 22]]"
73,"[[ 7  1  0 12  4  5  1  0  0]
 [ 0 10 17  0  0  0  0  0  0]
 [ 0  1 25  1  0  3  0  0  0]
 [ 4  0  1 10  2  5  5  0  0]
 [ 8  0  1  4  7  8  0  1  1]
 [ 5  0  3  6  4  7  2  0  0]
 [ 0  0  0 13  0  8  7  0  2]
 [ 3  0  4  2  2  2  0 17  0]
 [ 2  0  2  2  0  1  1  0 22]]"
74,"[[ 7  1  0 14  1  7  0  0  0]
 [ 2 14  8  1  0  2  0  0  0]
 [ 1  1 23  1  0  4  0  0  0]
 [ 5  0  0 13  2  6  0  0  1]
 [ 6  0  1  5  3 10  0  3  2]
 [ 4  1  2  9  3  8  0  0  0]
 [ 0  0  0 17  0  9  1  1  2]
 [ 4  0  1  2  2  3  0 18  0]
 [ 2  1  1  2  0  1  0  0 23]]"
75,"[[ 6  1  0  6  2  7  3  3  2]
 [ 2 17  4  0  0  3  0  1  0]
 [ 0  3 19  1  0  4  0  3  0]
 [ 3  0  0  8  2  6  4  2  2]
 [ 8  1  0  2  3  9  0  6  1]
 [ 5  1  2  5  3  8  2  0  1]
 [ 1  0  0  5  1  9  7  2  5]
 [ 3  0  1  2  2  2  0 19  1]
 [ 2  1  0  1  0  1  1  1 23]]"
76,"[[ 7  1  0  4  5  5  7  0  1]
 [ 2 15  8  0  0  2  0  0  0]
 [ 0  2 24  1  0  3  0  0  0]
 [ 5  0  0  7  3  4  8  0  0]
 [ 8  1  0  2  7  9  1  1  1]
 [ 4  1  2  5  6  6  3  0  0]
 [ 1  0  0  5  2  7 12  0  3]
 [ 4  0  2  2  2  3  0 17  0]
 [ 2  1  1  0  0  1  4  0 21]]"
77,"[[ 7  1  0 10  4  7  1  0  0]
 [ 2 14  9  0  0  2  0  0  0]
 [ 0  1 25  1  0  3  0  0  0]
 [ 4  0  0 12  4  6  1  0  0]
 [ 5  0  1  4  5 12  0  2  1]
 [ 4  1  2  6  5  9  0  0  0]
 [ 0  0  0 11  2 12  4  0  1]
 [ 3  0  3  2  2  3  0 17  0]
 [ 2  1  1  2  1  1  0  0 22]]"
78,"[[ 7  1  0 10  1  7  1  3  0]
 [ 1 18  4  0  0  3  0  1  0]
 [ 1  4 20  1  0  4  0  0  0]
 [ 4  2  0 11  3  5  2  0  0]
 [ 8  2  0  2  3 10  0  4  1]
 [ 5  2  1  7  2  9  1  0  0]
 [ 1  0  0 12  1 11  4  1  0]
 [ 4  0  1  2  2  3  0 18  0]
 [ 2  4  0  2  0  0  1  0 21]]"
79,"[[ 8  1  0  5  5  5  6  0  0]
 [ 1 18  5  0  0  3  0  0  0]
 [ 1  3 22  1  0  3  0  0  0]
 [ 4  2  0  9  3  3  6  0  0]
 [ 7  2  0  2  7  8  0  3  1]
 [ 4  2  1  5  6  6  3  0  0]
 [ 1  0  0  9  2 10  8  0  0]
 [ 4  0  1  2  2  3  0 18  0]
 [ 2  2  1  0  0  0  4  0 21]]"
80,"[[10  1  0  4  4  7  4  0  0]
 [ 2 15  6  0  1  3  0  0  0]
 [ 1  2 23  1  0  3  0  0  0]
 [ 6  0  0  7  3  6  5  0  0]
 [ 8  0  0  2  7 11  0  1  1]
 [ 5  1  2  3  5  9  2  0  0]
 [ 2  0  0  6  2 12  8  0  0]
 [ 5  0  2  1  2  3  0 17  0]
 [ 2  1  1  0  1  1  3  0 21]]"
81,"[[ 5  1  0 10  1 12  1  0  0]
 [ 2 17  5  0  0  3  0  0  0]
 [ 1  2 21  1  0  5  0  0  0]
 [ 3  0  0 10  1  8  5  0  0]
 [ 5  0  0  4  3 15  0  2  1]
 [ 4  1  2  5  2 11  2  0  0]
 [ 0  0  0 10  0 12  7  0  1]
 [ 3  0  2  2  0  6  0 17  0]
 [ 2  1  1  2  0  2  0  0 22]]"
82,"[[ 7  1  0 11  1  4  4  2  0]
 [ 1 15  9  1  0  1  0  0  0]
 [ 1  1 24  1  0  3  0  0  0]
 [ 5  1  1  9  0  4  6  0  1]
 [ 5  0  1  5  5  8  0  4  2]
 [ 4  0  3  6  4  7  3  0  0]
 [ 0  0  0 10  0  8 10  0  2]
 [ 2  0  4  3  1  2  1 17  0]
 [ 2  1  2  1  0  0  1  0 23]]"
83,"[[ 6  1  0  9  4  3  4  2  1]
 [ 2 14  9  1  0  1  0  0  0]
 [ 1  1 24  1  0  3  0  0  0]
 [ 3  1  0 10  4  2  7  0  0]
 [ 5  0  1  5  9  4  0  5  1]
 [ 3  0  3  6  7  3  4  1  0]
 [ 0  0  0  9  1  6 11  1  2]
 [ 3  0  2  3  2  1  0 19  0]
 [ 2  1  2  2  1  0  0  0 22]]"
84,"[[11  1  0  6  1 10  1  0  0]
 [ 3 17  3  0  1  3  0  0  0]
 [ 1  3 20  1  0  5  0  0  0]
 [ 5  0  0  8  3  9  2  0  0]
 [ 8  0  0  2  5 13  0  2  0]
 [ 4  2  1  4  2 13  1  0  0]
 [ 2  0  0  8  0 15  5  0  0]
 [ 3  0  1  2  0  6  0 18  0]
 [ 2  1  1  2  0  3  0  0 21]]"
85,"[[ 8  1  0 11  1  6  3  0  0]
 [ 2 14  8  1  0  2  0  0  0]
 [ 1  1 24  1  0  3  0  0  0]
 [ 5  0  0  9  2  6  5  0  0]
 [ 6  0  0  4  6 11  0  2  1]
 [ 4  0  3  5  4  9  2  0  0]
 [ 1  0  0 10  0 11  8  0  0]
 [ 3  0  2  3  1  4  0 17  0]
 [ 2  0  2  2  0  2  0  0 22]]"
86,"[[11  1  0 11  2  3  2  0  0]
 [ 0 10 16  1  0  0  0  0  0]
 [ 0  1 25  1  0  3  0  0  0]
 [ 5  0  1 11  2  5  3  0  0]
 [ 9  0  2  3 10  3  0  2  1]
 [ 4  0  3  6  6  5  3  0  0]
 [ 2  0  0 13  0  7  7  0  1]
 [ 3  0  5  2  2  1  0 17  0]
 [ 2  0  2  2  1  1  0  0 22]]"
87,"[[11  1  0  5  1  7  4  0  1]
 [ 2 16  6  1  0  2  0  0  0]
 [ 1  1 24  1  0  3  0  0  0]
 [ 7  0  1  6  0  9  4  0  0]
 [ 7  0  0  2  5 12  0  3  1]
 [ 4  0  3  4  2 11  2  0  1]
 [ 1  0  0  6  1 11  8  0  3]
 [ 4  0  2  2  1  4  0 17  0]
 [ 2  0  2  2  0  2  0  0 22]]"
88,"[[ 8  1  0  6  2  9  3  1  0]
 [ 1 15  7  1  1  2  0  0  0]
 [ 1  1 23  1  0  4  0  0  0]
 [ 4  0  0  6  6  7  4  0  0]
 [ 5  0  0  2 10 10  0  2  1]
 [ 2  0  3  4  8  8  2  0  0]
 [ 1  0  0  7  2 12  8  0  0]
 [ 3  0  1  2  2  4  0 18  0]
 [ 1  0  2  2  1  2  0  0 22]]"
89,"[[ 8  1  0 10  4  4  2  1  0]
 [ 1 18  4  1  1  2  0  0  0]
 [ 1  3 20  1  1  3  0  1  0]
 [ 4  0  0  7  6  6  4  0  0]
 [ 6  0  0  3 13  5  0  2  1]
 [ 2  1  2  5  9  6  2  0  0]
 [ 1  0  0 10  2  9  8  0  0]
 [ 3  0  1  3  2  3  0 18  0]
 [ 1  1  0  2  2  1  0  1 22]]"
90,"[[10  1  0  4  0 10  3  0  2]
 [ 1 18  4  1  0  2  0  0  1]
 [ 1  3 20  1  0  5  0  0  0]
 [ 8  0  0  5  0  8  4  0  2]
 [ 8  0  0  2  2 13  0  3  2]
 [ 6  1  2  3  0 12  2  0  1]
 [ 1  0  0  3  0 12  8  0  6]
 [ 6  0  1  1  0  4  0 18  0]
 [ 2  1  1  1  0  1  1  0 23]]"
91,"[[ 8  1  0  7  1  7  3  1  2]
 [ 0 17  8  1  0  1  0  0  0]
 [ 0  1 25  1  0  3  0  0  0]
 [ 5  1  1  6  0  6  4  0  4]
 [ 6  2  0  2  6  8  0  3  3]
 [ 4  1  2  4  3 10  2  0  1]
 [ 0  0  0  6  0 10  9  0  5]
 [ 3  0  2  2  1  5  0 17  0]
 [ 2  2  1  2  0  0  0  0 23]]"
92,"[[ 4  1  0 10  3  8  2  2  0]
 [ 0 17  5  1  2  2  0  0  0]
 [ 0  1 22  1  1  4  0  1  0]
 [ 0  0  0  9  6  7  4  1  0]
 [ 1  0  0  4 10 10  0  4  1]
 [ 2  1  2  7  6  7  2  0  0]
 [ 0  0  0 11  3  8  7  1  0]
 [ 0  0  1  4  3  3  0 19  0]
 [ 0  1  1  2  1  3  0  0 22]]"
93,"[[ 5  1  0  5  2 11  4  1  1]
 [ 1 17  5  1  1  2  0  0  0]
 [ 0  1 22  1  0  6  0  0  0]
 [ 4  0  0  6  5  8  4  0  0]
 [ 6  0  0  2  6 12  0  3  1]
 [ 3  1  2  5  6  8  2  0  0]
 [ 0  0  0  6  2 12  9  0  1]
 [ 3  0  1  2  1  5  0 18  0]
 [ 1  1  1  1  1  2  1  0 22]]"
94,"[[10  1  0  6  0 10  3  0  0]
 [ 1 17  6  1  0  2  0  0  0]
 [ 0  2 21  1  0  6  0  0  0]
 [ 7  0  0  6  0 11  3  0  0]
 [ 8  0  0  2  2 16  0  1  1]
 [ 5  1  2  5  0 13  1  0  0]
 [ 1  0  0  9  0 14  6  0  0]
 [ 3  0  2  2  0  6  0 17  0]
 [ 2  1  1  2  0  2  0  0 22]]"
95,"[[ 7  1  0  7  2  8  3  1  1]
 [ 1 18  4  1  1  2  0  0  0]
 [ 0  2 23  1  0  3  0  1  0]
 [ 2  0  0  9  5  6  4  1  0]
 [ 5  1  0  4  7  8  0  4  1]
 [ 3  1  2  6  6  7  2  0  0]
 [ 0  0  0  6  2 11  9  0  2]
 [ 3  0  1  3  1  4  0 18  0]
 [ 1  1  1  2  1  2  0  0 22]]"
96,"[[ 4  1  0  7  4  9  2  2  1]
 [ 0 17  8  1  0  1  0  0  0]
 [ 0  1 25  1  0  3  0  0  0]
 [ 0  2  0  8  6  5  3  1  2]
 [ 2  3  0  4 10  6  0  4  1]
 [ 2  1  2  6  8  5  2  1  0]
 [ 0  0  0 10  2  9  5  1  3]
 [ 2  0  2  3  2  3  0 18  0]
 [ 1  2  1  2  1  0  0  0 23]]"
97,"[[ 5  1  0 11  1 10  2  0  0]
 [ 0 14 10  1  0  2  0  0  0]
 [ 0  1 25  1  0  3  0  0  0]
 [ 0  0  1 15  2  7  2  0  0]
 [ 4  0  0  5  3 14  0  3  1]
 [ 3  0  3  8  2  9  2  0  0]
 [ 0  0  0 13  0 11  5  0  1]
 [ 3  0  2  3  0  4  1 17  0]
 [ 1  0  2  3  0  2  0  0 22]]"
98,"[[13  1  0  3  1  8  4  0  0]
 [ 2 17  5  1  0  2  0  0  0]
 [ 1  3 20  1  0  5  0  0  0]
 [ 7  0  0  6  2  3  9  0  0]
 [11  1  0  2  4  8  1  2  1]
 [ 5  1  2  6  2  7  4  0  0]
 [ 2  0  0  8  1  9 10  0  0]
 [ 5  0  2  1  0  4  1 17  0]
 [ 2  1  1  0  0  2  2  0 22]]"
99,"[[ 5  1  0  6  4 10  3  0  1]
 [ 0 19  3  1  2  2  0  0  0]
 [ 0  3 20  1  0  6  0  0  0]
 [ 2  0  0 10  4  7  4  0  0]
 [ 5  0  0  4  9 11  0  0  1]
 [ 2  2  1  7  6  7  2  0  0]
 [ 0  0  0  8  2 12  7  0  1]
 [ 3  0  1  3  1  4  0 18  0]
 [ 2  1  1  1  0  2  1  0 22]]"
100,"[[ 4  1  0  9  1 11  1  2  1]
 [ 0 19  5  1  0  2  0  0  0]
 [ 0  5 20  1  0  4  0  0  0]
 [ 0  1  0 12  3  6  3  2  0]
 [ 2  1  0  4  4 13  0  5  1]
 [ 3  2  1  7  3  9  1  1  0]
 [ 0  0  0 12  0 13  3  1  1]
 [ 2  0  1  3  1  4  0 19  0]
 [ 0  2  1  3  0  2  0  0 22]]"
101,"[[ 7  1  0  5  1  9  5  1  1]
 [ 0 13 14  0  0  0  0  0  0]
 [ 0  1 25  1  0  3  0  0  0]
 [ 2  3  1  8  0  3  9  0  1]
 [ 5  0  1  3  7  8  1  4  1]
 [ 4  0  3  7  3  6  4  0  0]
 [ 0  0  0  8  1 10 10  0  1]
 [ 2  0  3  3  0  4  1 17  0]
 [ 2  2  2  0  0  0  2  0 22]]"
102,"[[12  1  0  4  2  9  2  0  0]
 [ 0 12 14  0  0  1  0  0  0]
 [ 0  1 25  1  0  3  0  0  0]
 [ 7  0  1  7  2  7  3  0  0]
 [ 9  0  1  2  9  9  0  0  0]
 [ 5  0  3  6  4  7  2  0  0]
 [ 2  0  0  9  1 11  7  0  0]
 [ 5  0  2  1  1  4  0 17  0]
 [ 2  1  2  1  0  1  1  0 22]]"
103,"[[ 9  1  0  9  3  7  0  0  1]
 [ 2 14  7  1  1  2  0  0  0]
 [ 1  1 23  1  0  4  0  0  0]
 [ 6  0  0  8  4  6  3  0  0]
 [ 6  0  0  4  9 10  0  0  1]
 [ 4  0  3  6  5  8  1  0  0]
 [ 0  0  0 11  1 12  4  0  2]
 [ 3  0  2  3  2  3  0 17  0]
 [ 2  0  2  2  0  2  0  0 22]]"
104,"[[ 6  1  0 10  1  8  1  2  1]
 [ 1 16  6  1  1  2  0  0  0]
 [ 0  2 22  1  0  4  0  1  0]
 [ 0  0  0 12  4  7  3  1  0]
 [ 4  1  0  5  6  9  0  4  1]
 [ 3  0  3  7  4  9  1  0  0]
 [ 0  0  0 11  1 13  3  1  1]
 [ 2  0  1  3  1  4  0 19  0]
 [ 1  0  2  3  0  2  0  0 22]]"
105,"[[ 6  1  0  5  1  6  8  2  1]
 [ 2 11 11  1  0  2  0  0  0]
 [ 0  1 25  1  0  2  1  0  0]
 [ 2  0  1  7  1  4 11  1  0]
 [ 4  0  1  4  3 12  1  4  1]
 [ 3  0  3  7  3  7  4  0  0]
 [ 0  0  0  8  0 11 10  0  1]
 [ 2  0  2  3  0  4  1 18  0]
 [ 1  0  2  1  0  1  3  0 22]]"
106,"[[11  1  0  3  6  7  1  0  1]
 [ 1 16  7  1  1  1  0  0  0]
 [ 0  1 25  1  0  3  0  0  0]
 [ 4  1  0  6  8  6  2  0  0]
 [ 6  1  0  2 12  7  0  1  1]
 [ 3  0  3  4  8  8  1  0  0]
 [ 0  0  0  8  3 14  4  1  0]
 [ 2  0  3  2  4  2  0 17  0]
 [ 1  1  2  2  2  0  0  0 22]]"
107,"[[ 8  1  0  6  1 11  1  2  0]
 [ 1 16  7  1  0  2  0  0  0]
 [ 0  2 24  1  0  3  0  0  0]
 [ 3  1  1 11  1  7  3  0  0]
 [ 3  1  0  4  3 16  0  3  0]
 [ 3  0  3  6  2 12  1  0  0]
 [ 0  0  0 11  0 14  3  1  1]
 [ 2  0  2  3  1  4  0 18  0]
 [ 1  0  2  2  0  4  0  0 21]]"
108,"[[10  1  0  2  1  8  6  1  1]
 [ 1 18  5  1  0  2  0  0  0]
 [ 0  2 23  1  0  4  0  0  0]
 [ 2  1  0  7  3  5  9  0  0]
 [ 4  0  0  3  4 15  0  3  1]
 [ 5  0  3  5  2  8  4  0  0]
 [ 0  0  0  7  1 11 10  0  1]
 [ 3  0  1  2  0  4  2 18  0]
 [ 2  0  2  0  0  1  3  0 22]]"
109,"[[ 8  1  0 14  2  4  1  0  0]
 [ 2 17  4  2  0  2  0  0  0]
 [ 1  2 22  1  0  4  0  0  0]
 [ 2  1  0 14  2  5  3  0  0]
 [ 4  0  0  5  7  9  0  4  1]
 [ 3  0  3  9  3  6  3  0  0]
 [ 0  0  0 15  0  7  7  0  1]
 [ 3  0  1  3  1  4  0 18  0]
 [ 1  0  2  3  0  2  0  0 22]]"
110,"[[12  1  0  5  2  9  0  0  1]
 [ 2 15  6  1  1  2  0  0  0]
 [ 1  2 22  1  0  4  0  0  0]
 [ 6  0  0  7  4  8  2  0  0]
 [ 7  0  0  2  6 10  0  4  1]
 [ 5  0  3  5  4  9  1  0  0]
 [ 1  0  0  9  2 14  3  1  0]
 [ 4  0  1  2  1  4  0 18  0]
 [ 2  0  2  2  0  2  0  0 22]]"
111,"[[12  1  0  2  2  9  3  0  1]
 [ 2 11 14  0  0  0  0  0  0]
 [ 0  1 25  1  0  3  0  0  0]
 [ 7  0  1  4  5  6  4  0  0]
 [ 7  0  1  2  7  8  0  4  1]
 [ 7  0  3  2  4  9  2  0  0]
 [ 2  0  0  4  2 14  7  1  0]
 [ 4  0  3  1  1  4  0 17  0]
 [ 2  0  2  0  0  2  2  0 22]]"
112,"[[ 9  1  0  5  3  8  3  0  1]
 [ 2 15  6  1  1  2  0  0  0]
 [ 0  1 24  1  0  4  0  0  0]
 [ 3  0  0  8  3  6  6  0  1]
 [ 4  0  0  3  8 10  0  3  2]
 [ 5  0  3  6  4  7  2  0  0]
 [ 0  0  0 10  1 10  8  0  1]
 [ 2  0  1  2  1  4  1 18  1]
 [ 2  0  2  2  0  2  0  0 22]]"
113,"[[ 9  0  0 11  2  5  1  0  2]
 [ 2 13  8  1  1  2  0  0  0]
 [ 1  1 23  1  0  4  0  0  0]
 [ 3  0  0 15  2  6  1  0  0]
 [ 5  0  0  3  7  9  0  4  2]
 [ 5  0  3  6  4  7  2  0  0]
 [ 0  0  0 14  1  8  5  1  1]
 [ 3  0  1  3  1  4  0 18  0]
 [ 2  0  2  2  0  2  0  0 22]]"
114,"[[11  1  0  5  2  9  2  0  0]
 [ 1 11 12  1  0  2  0  0  0]
 [ 1  1 24  1  0  3  0  0  0]
 [ 5  0  1  8  2  6  5  0  0]
 [ 8  0  1  2  6 11  0  1  1]
 [ 5  0  3  5  3  9  2  0  0]
 [ 2  0  0  8  2 12  6  0  0]
 [ 4  0  2  2  1  4  0 17  0]
 [ 2  0  2  2  0  3  0  0 21]]"
115,"[[ 8  1  0  3  4  9  4  0  1]
 [ 1 16  6  1  1  2  0  0  0]
 [ 0  2 23  1  0  4  0  0  0]
 [ 1  1  0  7  5  6  6  0  1]
 [ 2  1  0  2  7 12  1  3  2]
 [ 4  2  1  5  5  8  2  0  0]
 [ 0  0  0  7  2 11  9  0  1]
 [ 2  0  2  2  1  4  1 18  0]
 [ 1  2  1  0  2  0  2  0 22]]"
116,"[[10  1  0  4  1  9  3  1  1]
 [ 0 21  3  1  1  1  0  0  0]
 [ 0  7 19  1  0  3  0  0  0]
 [ 2  2  0  9  3  5  5  0  1]
 [ 6  3  0  2  4  8  0  5  2]
 [ 5  2  1  6  4  7  2  0  0]
 [ 0  0  0 10  1 10  7  1  1]
 [ 2  1  1  2  1  4  0 19  0]
 [ 2  4  0  2  0  0  0  0 22]]"
117,"[[ 7  1  0 12  2  4  4  0  0]
 [ 1 15 10  1  0  0  0  0  0]
 [ 0  1 25  1  0  2  1  0  0]
 [ 3  0  1 11  1  4  7  0  0]
 [ 6  0  1  4  5  9  0  4  1]
 [ 5  0  3  6  4  5  4  0  0]
 [ 0  0  0 12  0  7 10  0  1]
 [ 2  0  3  2  0  4  2 17  0]
 [ 2  1  2  1  0  0  3  0 21]]"
118,"[[ 8  1  0  3  3  9  4  1  1]
 [ 0 10 13  1  0  3  0  0  0]
 [ 0  1 25  1  0  3  0  0  0]
 [ 3  0  1  6  3  8  6  0  0]
 [ 3  0  0  2  4 16  0  3  2]
 [ 5  0  3  4  3 10  2  0  0]
 [ 0  0  0  6  2 14  7  0  1]
 [ 2  0  3  2  1  5  0 17  0]
 [ 1  0  2  0  0  4  2  0 21]]"
119,"[[ 8  1  0  4  5  8  2  1  1]
 [ 2 16  4  1  1  2  0  0  1]
 [ 1  2 22  1  0  4  0  0  0]
 [ 2  0  0  8  7  6  3  0  1]
 [ 3  0  0  2  9 11  0  3  2]
 [ 4  1  2  4  5  8  2  0  1]
 [ 0  0  0 10  2 14  2  1  1]
 [ 3  0  1  2  2  3  0 19  0]
 [ 2  1  0  2  1  1  0  1 22]]"
120,"[[ 8  1  0  6  4  7  4  0  0]
 [ 2 15  6  1  1  2  0  0  0]
 [ 1  1 23  1  0  4  0  0  0]
 [ 4  0  0  9  5  6  3  0  0]
 [ 4  0  0  3  6 14  0  2  1]
 [ 5  0  3  6  4  7  2  0  0]
 [ 0  0  0  9  2 12  6  0  1]
 [ 3  0  1  3  1  4  0 18  0]
 [ 2  0  2  2  1  1  0  0 22]]"
121,"[[10  1  0  5  2  7  4  0  1]
 [ 2 15  7  1  0  2  0  0  0]
 [ 1  1 23  1  0  4  0  0  0]
 [ 4  0  0  9  2  5  7  0  0]
 [ 6  0  0  2  5 12  0  3  2]
 [ 5  0  3  5  4  8  2  0  0]
 [ 0  0  0  8  1 12  8  0  1]
 [ 4  0  1  2  1  4  0 18  0]
 [ 2  0  2  0  1  1  2  0 22]]"
122,"[[ 6  1  0  6  4  9  3  1  0]
 [ 1 18  4  1  1  2  0  0  0]
 [ 0  4 21  1  0  4  0  0  0]
 [ 1  2  0 10  3  7  4  0  0]
 [ 2  1  0  3  4 15  0  3  2]
 [ 4  1  2  4  4 10  2  0  0]
 [ 0  0  0 11  1 13  3  1  1]
 [ 0  1  2  2  1  5  0 19  0]
 [ 0  3  1  1  1  1  1  0 22]]"
123,"[[11  1  0  4  2  9  3  0  0]
 [ 2 12 10  1  0  2  0  0  0]
 [ 1  1 23  1  0  4  0  0  0]
 [ 5  0  0  7  4  6  5  0  0]
 [ 7  0  0  2  5 14  0  1  1]
 [ 5  0  3  4  4  9  2  0  0]
 [ 1  0  0  7  2 15  5  0  0]
 [ 3  0  3  2  1  4  0 17  0]
 [ 2  0  2  1  1  2  1  0 21]]"
124,"[[ 6  1  0 10  2  5  4  1  1]
 [ 1 11 11  2  0  2  0  0  0]
 [ 1  1 24  1  0  3  0  0  0]
 [ 3  0  0 10  2  5  6  0  1]
 [ 4  0  0  3  4 11  0  6  2]
 [ 5  0  3  6  4  6  3  0  0]
 [ 0  0  0 12  0 11  5  1  1]
 [ 1  0  2  3  1  4  0 19  0]
 [ 2  0  2  1  1  1  1  0 22]]"
125,"[[10  1  0  9  2  5  1  0  2]
 [ 0 14 10  1  0  2  0  0  0]
 [ 1  1 24  1  0  3  0  0  0]
 [ 3  0  0 10  2  5  6  0  1]
 [ 5  1  0  3  6 10  0  3  2]
 [ 5  0  3  5  4  6  3  0  1]
 [ 0  0  0 11  1 11  5  0  2]
 [ 3  0  3  2  1  4  0 17  0]
 [ 2  1  2  1  1  0  1  0 22]]"
126,"[[ 8  1  0 11  2  5  1  0  2]
 [ 0 13 13  1  0  0  0  0  0]
 [ 0  1 25  1  0  3  0  0  0]
 [ 2  1  1 10  2  5  5  0  1]
 [ 5  1  0  3  6 10  0  3  2]
 [ 4  0  3  6  5  7  2  0  0]
 [ 0  0  0 12  1 12  4  0  1]
 [ 2  0  3  3  1  4  0 17  0]
 [ 1  1  2  2  2  0  0  0 22]]"
127,"[[ 9  1  0  2  3  9  5  0  1]
 [ 1 16  6  1  1  2  0  0  0]
 [ 1  3 21  1  0  4  0  0  0]
 [ 2  1  0  7  6  5  5  0  1]
 [ 3  1  0  3  8 10  0  3  2]
 [ 4  1  2  3  6  9  2  0  0]
 [ 0  0  0  4  2 15  8  0  1]
 [ 2  0  2  2  1  4  1 18  0]
 [ 1  2  1  0  2  0  2  0 22]]"
128,"[[ 8  1  0  4  3  6  6  1  1]
 [ 0 14  8  1  2  2  0  0  0]
 [ 0  1 24  1  0  4  0  0  0]
 [ 3  0  0  9  3  4  7  0  1]
 [ 3  1  0  4  8 10  0  3  1]
 [ 4  0  3  5  5  7  3  0  0]
 [ 0  0  0  8  2 10  9  0  1]
 [ 2  0  2  2  2  3  1 18  0]
 [ 1  0  2  0  2  1  2  0 22]]"
129,"[[ 6  0  0 12  2  5  1  1  3]
 [ 1 11 11  1  1  2  0  0  0]
 [ 0  1 25  2  0  2  0  0  0]
 [ 2  0  0 12  0  4  2  0  7]
 [ 4  0  0  3  6 10  0  3  4]
 [ 3  0  3  6  5  7  2  0  1]
 [ 0  0  0 13  0  8  3  1  5]
 [ 1  0  1  3  2  3  0 18  2]
 [ 1  0  2  1  1  1  0  0 24]]"
130,"[[10  1  0  8  2  6  1  0  2]
 [ 1 14  9  1  0  2  0  0  0]
 [ 0  1 25  1  0  3  0  0  0]
 [ 3  0  1 13  2  5  2  0  1]
 [ 5  1  0  3  5 11  0  3  2]
 [ 4  0  3  4  5 10  1  0  0]
 [ 0  0  0 11  1 14  2  1  1]
 [ 3  0  2  2  1  4  0 18  0]
 [ 2  1  2  2  0  1  0  0 22]]"
131,"[[10  1  0  6  2  5  6  0  0]
 [ 1 17  6  1  1  1  0  0  0]
 [ 0  3 23  1  0  2  1  0  0]
 [ 2  2  1  9  1  3  9  0  0]
 [ 5  2  0  4  6  9  0  3  1]
 [ 4  1  2  5  5  6  4  0  0]
 [ 1  0  0  9  1  9 10  0  0]
 [ 1  2  2  3  1  3  1 17  0]
 [ 2  2  1  0  1  0  3  0 21]]"
132,"[[ 7  1  0  8  2  7  4  1  0]
 [ 0 18  4  1  0  2  0  2  0]
 [ 1  3 21  1  0  4  0  0  0]
 [ 2  1  1 10  1  5  6  1  0]
 [ 2  1  0  4  2 17  0  3  1]
 [ 4  1  2  4  2 12  2  0  0]
 [ 0  0  0  8  1 13  6  1  1]
 [ 2  0  2  2  0  5  1 18  0]
 [ 2  2  0  0  0  1  2  1 22]]"
133,"[[ 8  1  0  7  2  6  3  1  2]
 [ 1 13 11  1  0  1  0  0  0]
 [ 0  1 25  1  0  2  1  0  0]
 [ 3  0  1 10  1  4  7  0  1]
 [ 5  0  1  3  5 10  0  3  3]
 [ 4  0  3  5  5  7  3  0  0]
 [ 0  0  0  9  1 10  8  0  2]
 [ 3  0  2  2  1  3  1 18  0]
 [ 2  1  2  0  1  0  2  0 22]]"
134,"[[ 7  1  0 12  4  2  1  1  2]
 [ 1  9 15  1  1  0  0  0  0]
 [ 0  1 26  2  0  1  0  0  0]
 [ 3  0  1 13  3  3  4  0  0]
 [ 5  0  1  5  9  6  0  3  1]
 [ 5  0  3  6  6  4  3  0  0]
 [ 0  0  0 12  3  6  7  0  2]
 [ 2  0  3  3  3  1  0 18  0]
 [ 2  0  3  2  1  0  0  0 22]]"
135,"[[ 8  1  0  7  4  6  3  1  0]
 [ 0 12 12  1  1  1  0  0  0]
 [ 0  1 25  1  0  3  0  0  0]
 [ 4  0  1  7  5  5  5  0  0]
 [ 6  0  1  3  7  9  0  3  1]
 [ 4  0  3  4  6  7  3  0  0]
 [ 1  0  0  7  2 13  7  0  0]
 [ 3  0  2  2  2  3  0 18  0]
 [ 2  0  2  0  1  1  2  0 22]]"
136,"[[ 7  1  0  7  2 10  2  1  0]
 [ 0 13 11  1  0  2  0  0  0]
 [ 0  1 24  1  0  4  0  0  0]
 [ 1  0  1  9  0 10  6  0  0]
 [ 2  0  0  4  2 18  0  3  1]
 [ 4  0  3  4  1 14  1  0  0]
 [ 1  0  0  7  1 16  5  0  0]
 [ 2  0  2  2  0  6  1 17  0]
 [ 1  0  2  1  0  3  1  0 22]]"
137,"[[ 7  1  0 12  2  6  2  0  0]
 [ 1 17  6  2  0  1  0  0  0]
 [ 0  2 23  1  0  4  0  0  0]
 [ 2  2  1 11  1  4  6  0  0]
 [ 3  1  0  4  3 15  0  3  1]
 [ 4  0  3  8  1  8  3  0  0]
 [ 1  0  0 11  0  9  9  0  0]
 [ 2  0  2  3  0  4  1 18  0]
 [ 2  0  2  2  0  2  0  0 22]]"
138,"[[ 7  1  0  9  4  4  4  1  0]
 [ 0 13 12  1  1  0  0  0  0]
 [ 0  1 26  1  0  2  0  0  0]
 [ 1  1  2  9  5  2  7  0  0]
 [ 5  0  1  4  7  7  0  5  1]
 [ 4  0  3  6  6  3  4  1  0]
 [ 1  0  1  9  2  6 11  0  0]
 [ 1  0  4  2  3  1  1 18  0]
 [ 1  0  3  1  2  0  1  0 22]]"
139,"[[ 8  1  0  8  4  6  1  0  2]
 [ 1 16  8  1  1  0  0  0  0]
 [ 0  2 25  1  0  2  0  0  0]
 [ 2  1  2  7  6  4  4  0  1]
 [ 6  1  0  2  9  7  0  3  2]
 [ 4  0  3  6  6  5  3  0  0]
 [ 0  0  0 10  2 10  7  0  1]
 [ 2  0  2  3  2  3  0 18  0]
 [ 2  0  3  2  1  0  0  0 22]]"
140,"[[ 7  1  0 10  2  7  1  0  2]
 [ 1 17  5  1  1  2  0  0  0]
 [ 0  1 24  1  0  4  0  0  0]
 [ 3  0  1  9  1  5  3  0  5]
 [ 3  1  0  3  3 15  0  3  2]
 [ 5  0  3  4  2 10  2  0  1]
 [ 0  0  0  9  2 11  6  0  2]
 [ 2  0  2  3  1  4  0 18  0]
 [ 2  0  2  2  0  1  0  0 23]]"
141,"[[ 7  1  0 12  2  6  1  1  0]
 [ 1 17  5  1  1  2  0  0  0]
 [ 0  1 26  1  0  2  0  0  0]
 [ 3  0  1 11  2  5  5  0  0]
 [ 4  1  0  4  3 12  0  5  1]
 [ 5  0  3  6  3  7  2  1  0]
 [ 0  0  0  8  2 12  6  1  1]
 [ 2  0  2  3  1  4  0 18  0]
 [ 2  0  1  2  1  1  0  1 22]]"
142,"[[ 7  1  0 11  5  4  1  1  0]
 [ 1 15  6  1  2  2  0  0  0]
 [ 0  1 26  1  0  2  0  0  0]
 [ 1  0  0  9  8  5  4  0  0]
 [ 4  1  0  4  9  8  0  3  1]
 [ 4  0  3  6  6  5  2  1  0]
 [ 1  0  0 11  2 10  5  1  0]
 [ 2  0  2  3  3  2  0 18  0]
 [ 1  0  2  3  2  1  0  0 21]]"
143,"[[ 8  1  0 12  2  6  1  0  0]
 [ 1 16  6  1  1  2  0  0  0]
 [ 0  1 24  1  0  4  0  0  0]
 [ 2  0  1 13  3  5  3  0  0]
 [ 5  1  0  3  3 14  0  3  1]
 [ 5  0  3  6  2  9  2  0  0]
 [ 1  0  0 10  2 13  4  0  0]
 [ 2  0  2  3  1  4  0 18  0]
 [ 2  0  2  3  0  2  0  0 21]]"
144,"[[ 6  1  0  2  5  9  4  1  2]
 [ 0 13 11  0  2  1  0  0  0]
 [ 0  1 26  1  0  2  0  0  0]
 [ 1  0  2  4  6  7  7  0  0]
 [ 2  0  1  2  4 15  1  3  2]
 [ 5  0  3  1  6  9  2  0  1]
 [ 0  0  0  5  2 15  7  0  1]
 [ 1  0  4  2  1  3  1 18  0]
 [ 0  0  3  0  2  1  2  0 22]]"
145,"[[ 6  1  0 10  3  5  1  2  2]
 [ 1 17  5  1  1  2  0  0  0]
 [ 0  4 22  1  0  3  0  0  0]
 [ 2  2  0 10  3  4  3  0  3]
 [ 5  1  0  2  4 11  0  5  2]
 [ 5  1  2  5  3  5  3  1  2]
 [ 0  0  0  9  2 12  4  1  2]
 [ 2  0  1  2  1  3  1 19  1]
 [ 2  2  0  2  0  0  0  1 23]]"
146,"[[ 9  1  0  9  4  6  1  0  0]
 [ 3 18  2  1  1  2  0  0  0]
 [ 2  3 21  1  0  3  0  0  0]
 [ 6  1  0  9  4  4  2  0  1]
 [ 7  1  0  2  6 11  0  2  1]
 [ 6  1  2  5  4  6  3  0  0]
 [ 0  0  0 10  2 13  4  0  1]
 [ 4  0  1  2  2  3  0 18  0]
 [ 2  1  0  2  1  1  0  1 22]]"
147,"[[ 7  1  0 12  4  5  1  0  0]
 [ 2 14  7  1  1  2  0  0  0]
 [ 0  1 24  1  0  4  0  0  0]
 [ 2  0  0 13  4  5  3  0  0]
 [ 6  0  0  3  7 11  0  2  1]
 [ 4  0  3  6  5  6  3  0  0]
 [ 0  0  0 10  2 13  4  0  1]
 [ 2  0  2  2  2  3  1 18  0]
 [ 1  0  2  2  2  1  0  0 22]]"
148,"[[ 7  1  0 11  3  6  1  0  1]
 [ 1 13 13  0  0  0  0  0  0]
 [ 0  1 25  1  0  3  0  0  0]
 [ 2  1  2 10  2  5  4  0  1]
 [ 2  1  0  3  3 15  0  4  2]
 [ 5  0  4  4  2  8  3  0  1]
 [ 0  0  1  7  2 11  8  0  1]
 [ 2  0  3  2  0  3  2 18  0]
 [ 2  0  3  1  0  0  1  0 23]]"
149,"[[ 6  1  0 13  1  4  1  3  1]
 [ 1 17  6  1  1  1  0  0  0]
 [ 0  4 22  1  0  3  0  0  0]
 [ 1  2  0 12  1  5  3  1  2]
 [ 2  1  0  4  3 13  0  5  2]
 [ 4  0  3  6  1  6  3  2  2]
 [ 0  0  0 11  1 11  4  1  2]
 [ 0  1  2  3  1  4  0 19  0]
 [ 1  1  1  3  0  0  0  1 23]]"
150,"[[ 8  1  0 13  2  5  1  0  0]
 [ 2 16  5  1  1  2  0  0  0]
 [ 0  4 22  1  0  3  0  0  0]
 [ 3  2  1 12  2  4  3  0  0]
 [ 7  1  0  2  3 13  0  3  1]
 [ 5  0  3  5  3  8  3  0  0]
 [ 0  0  0 11  2 12  4  0  1]
 [ 3  0  1  3  1  4  0 18  0]
 [ 2  0  2  2  1  1  0  0 22]]"
151,"[[ 7  1  0 13  3  5  1  0  0]
 [ 1 17  5  1  1  2  0  0  0]
 [ 0  4 22  1  0  3  0  0  0]
 [ 2  2  0 12  3  4  4  0  0]
 [ 6  1  0  4  6 10  0  2  1]
 [ 5  0  3  5  4  7  3  0  0]
 [ 1  0  0 10  2 13  4  0  0]
 [ 3  0  1  3  1  4  0 18  0]
 [ 2  1  2  3  1  0  0  0 21]]"
152,"[[ 7  1  0 12  6  3  1  0  0]
 [ 0 12 11  1  2  1  0  0  0]
 [ 0  1 25  1  0  3  0  0  0]
 [ 2  0  0 11  4  5  5  0  0]
 [ 4  0  1  5  8  8  0  3  1]
 [ 4  0  3  6  7  3  4  0  0]
 [ 0  0  0 10  2  9  8  0  1]
 [ 2  0  2  3  2  3  0 18  0]
 [ 1  0  3  2  2  0  1  0 21]]"
153,"[[ 8  1  0  9  2  7  2  0  1]
 [ 1 16  6  1  1  2  0  0  0]
 [ 0  2 23  1  0  4  0  0  0]
 [ 3  1  1 10  2  5  4  0  1]
 [ 5  1  0  3  2 14  0  4  1]
 [ 5  0  3  4  2 11  2  0  0]
 [ 0  0  0  6  2 14  7  0  1]
 [ 4  0  1  1  1  5  0 18  0]
 [ 2  1  2  2  1  0  0  0 22]]"
154,"[[ 6  1  0 14  2  6  1  0  0]
 [ 1 18  4  2  0  2  0  0  0]
 [ 0  5 21  1  0  3  0  0  0]
 [ 1  3  1 12  2  4  4  0  0]
 [ 2  2  0  4  3 16  0  2  1]
 [ 3  2  2  6  3  8  3  0  0]
 [ 0  1  0 11  0 12  5  0  1]
 [ 1  1  2  3  1  4  0 18  0]
 [ 0  2  1  3  1  1  0  0 22]]"
155,"[[ 9  1  0  9  6  3  2  0  0]
 [ 1 16  8  1  1  0  0  0  0]
 [ 0  5 22  1  0  2  0  0  0]
 [ 3  2  1  9  3  3  6  0  0]
 [ 8  1  0  4  9  5  0  2  1]
 [ 5  0  3  6  7  2  4  0  0]
 [ 0  1  0 11  2  6  9  0  1]
 [ 4  1  3  1  3  1  0 17  0]
 [ 2  2  1  1  1  0  1  0 22]]"
156,"[[ 8  1  0 12  2  5  1  0  1]
 [ 2 13  8  1  1  2  0  0  0]
 [ 0  1 24  1  0  4  0  0  0]
 [ 4  0  1 12  2  5  2  0  1]
 [ 6  0  1  3  4 12  0  3  1]
 [ 5  0  3  5  3  8  3  0  0]
 [ 0  0  0 13  2 10  4  0  1]
 [ 3  0  1  2  1  5  0 18  0]
 [ 2  1  2  2  1  0  0  0 22]]"
157,"[[ 9  1  0  7  3  9  1  0  0]
 [ 2 16  5  1  1  2  0  0  0]
 [ 0  4 21  1  0  4  0  0  0]
 [ 3  1  0  7  4 10  2  0  0]
 [ 4  1  0  2  3 16  0  3  1]
 [ 5  1  2  2  3 13  1  0  0]
 [ 0  0  0  4  2 19  3  1  1]
 [ 4  0  1  1  1  5  0 18  0]
 [ 1  2  0  2  1  1  0  1 22]]"
158,"[[ 6  1  0 11  5  4  2  1  0]
 [ 0 16  6  1  2  2  0  0  0]
 [ 0  5 21  1  0  3  0  0  0]
 [ 1  1  0 10  5  3  7  0  0]
 [ 4  1  0  5  9  7  0  3  1]
 [ 4  0  3  5  6  5  4  0  0]
 [ 0  0  0 10  3  7 10  0  0]
 [ 2  0  2  2  2  3  1 18  0]
 [ 1  1  1  2  2  0  1  1 21]]"
159,"[[ 7  1  0 14  2  5  1  0  0]
 [ 2 15  6  1  1  2  0  0  0]
 [ 0  5 21  1  0  3  0  0  0]
 [ 2  2  0 14  3  4  2  0  0]
 [ 5  1  0  5  8  7  0  3  1]
 [ 4  1  2  6  5  6  3  0  0]
 [ 0  0  0 12  2  9  6  0  1]
 [ 4  0  1  2  2  3  0 18  0]
 [ 1  1  2  2  2  0  0  0 22]]"
160,"[[10  1  0  7  2  7  1  0  2]
 [ 3 16  4  1  1  2  0  0  0]
 [ 0  4 21  1  0  4  0  0  0]
 [ 6  0  0  8  2  5  5  0  1]
 [ 7  1  0  2  2 14  0  3  1]
 [ 6  1  2  2  2 11  2  0  1]
 [ 1  0  0  3  2 14  7  0  3]
 [ 5  0  1  1  1  4  0 18  0]
 [ 2  2  0  1  0  1  1  1 22]]"
161,"[[ 7  1  0  9  5  5  1  0  2]
 [ 2 16  5  1  1  2  0  0  0]
 [ 0  4 21  1  0  4  0  0  0]
 [ 0  3  0 11  6  4  2  0  1]
 [ 4  1  0  3  7  9  0  4  2]
 [ 4  1  2  3  5  8  3  0  1]
 [ 0  0  0  9  2  9  6  1  3]
 [ 4  0  1  2  1  4  0 18  0]
 [ 1  2  0  1  2  0  1  1 22]]"
162,"[[ 7  1  0  7  8  4  2  1  0]
 [ 0 16  7  1  2  1  0  0  0]
 [ 0  5 21  1  0  3  0  0  0]
 [ 0  3  0  8  8  4  4  0  0]
 [ 7  2  0  2  7  6  0  5  1]
 [ 4  1  2  2  7  7  3  1  0]
 [ 1  1  0  8  2  7  8  2  1]
 [ 1  1  2  2  3  2  1 18  0]
 [ 1  2  0  1  2  0  1  1 22]]"
163,"[[11  1  0  3  1  9  3  0  2]
 [ 2 16  5  1  1  2  0  0  0]
 [ 0  4 21  1  0  4  0  0  0]
 [ 4  3  0  5  2  7  5  1  0]
 [ 8  1  0  2  2 13  0  3  1]
 [ 6  1  2  2  1 12  2  0  1]
 [ 1  0  0  1  2 16  6  2  2]
 [ 5  0  1  1  0  4  1 18  0]
 [ 2  2  0  1  0  1  1  1 22]]"
164,"[[ 5  1  0  8  3  9  1  1  2]
 [ 1 12 10  1  0  2  0  1  0]
 [ 0  3 22  1  0  4  0  0  0]
 [ 0  2  0 10  4  5  3  2  1]
 [ 4  1  0  2  2 16  0  4  1]
 [ 4  0  3  3  1 13  2  0  1]
 [ 0  0  0  3  2 17  4  2  2]
 [ 1  1  2  2  1  5  0 18  0]
 [ 1  1  1  1  1  1  1  1 22]]"
165,"[[ 7  1  0  9  7  4  1  0  1]
 [ 0 11 13  1  2  0  0  0  0]
 [ 0  3 23  1  0  3  0  0  0]
 [ 0  1  0 10  8  4  3  0  1]
 [ 4  1  0  4 10  6  0  3  2]
 [ 3  0  3  3  8  6  3  0  1]
 [ 0  0  0  8  2  7  6  1  6]
 [ 2  0  2  2  3  2  1 18  0]
 [ 1  1  2  1  2  0  1  0 22]]"
166,"[[ 9  1  0  9  2  6  3  0  0]
 [ 1 18  4  2  0  2  0  0  0]
 [ 0  5 21  1  0  3  0  0  0]
 [ 1  2  0 12  2  5  5  0  0]
 [ 9  1  0  2  2 14  0  1  1]
 [ 5  1  2  5  1 10  3  0  0]
 [ 0  0  0  9  2 11  7  0  1]
 [ 3  0  1  2  0  4  2 18  0]
 [ 1  2  1  1  1  1  1  0 22]]"
167,"[[ 9  1  0  7  1  7  3  0  2]
 [ 2 18  3  1  1  2  0  0  0]
 [ 0  5 20  1  0  4  0  0  0]
 [ 2  2  0 10  3  5  5  0  0]
 [ 7  1  0  2  2 16  0  1  1]
 [ 6  1  2  3  1 12  2  0  0]
 [ 1  0  0  5  2 14  7  0  1]
 [ 4  0  1  2  1  4  0 18  0]
 [ 1  2  0  1  1  1  1  1 22]]"
168,"[[ 8  1  0  6  8  4  2  1  0]
 [ 1  9 13  1  1  2  0  0  0]
 [ 0  2 24  1  0  3  0  0  0]
 [ 2  0  0  7 11  4  2  0  1]
 [ 7  0  1  2  8  7  0  4  1]
 [ 5  0  3  1  7  9  2  0  0]
 [ 1  0  0  6  2 11  6  2  2]
 [ 5  0  1  1  2  3  0 18  0]
 [ 1  0  1  1  2  1  1  1 22]]"
169,"[[ 7  1  0  5  5  7  4  0  1]
 [ 1 12 10  1  1  2  0  0  0]
 [ 0  3 22  1  0  4  0  0  0]
 [ 0  2  0  6  6  5  7  1  0]
 [ 5  0  0  2  2 16  0  4  1]
 [ 6  0  3  1  3 11  2  0  1]
 [ 0  0  0  3  2 14  7  2  2]
 [ 2  0  2  2  1  4  1 18  0]
 [ 1  0  1  0  1  2  2  1 22]]"
170,"[[10  1  0  7  1  7  4  0  0]
 [ 1 19  3  1  1  2  0  0  0]
 [ 0  6 20  1  0  3  0  0  0]
 [ 2  2  0  9  2  5  7  0  0]
 [ 8  1  0  2  2 15  0  1  1]
 [ 6  1  2  3  1 12  2  0  0]
 [ 1  0  0  4  2 15  8  0  0]
 [ 4  0  1  2  1  4  0 18  0]
 [ 2  2  1  1  0  1  1  0 22]]"
171,"[[ 8  1  0  9  5  5  1  0  1]
 [ 2 17  4  1  1  2  0  0  0]
 [ 0  5 21  1  0  3  0  0  0]
 [ 0  2  0 12  4  5  3  0  1]
 [ 4  1  0  4  5 12  0  3  1]
 [ 5  1  2  5  4  8  2  0  0]
 [ 0  0  0 10  2 10  7  0  1]
 [ 4  0  1  2  1  4  0 18  0]
 [ 1  2  0  2  2  0  0  1 22]]"
172,"[[ 8  1  0  6  6  4  4  1  0]
 [ 0  9 12  1  2  3  0  0  0]
 [ 0  1 23  1  1  4  0  0  0]
 [ 1  0  0  6  7  5  8  0  0]
 [ 6  0  1  2  7 10  0  3  1]
 [ 5  0  3  2  7  8  2  0  0]
 [ 0  0  0  6  2 10  9  1  2]
 [ 3  0  1  2  2  3  1 18  0]
 [ 1  0  1  1  2  1  1  1 22]]"
173,"[[ 8  1  0  7  5  5  4  0  0]
 [ 1 12 10  1  1  2  0  0  0]
 [ 0  2 23  1  0  4  0  0  0]
 [ 1  0  0  9  5  5  7  0  0]
 [ 5  0  0  2  5 14  0  3  1]
 [ 6  0  3  2  3 10  2  0  1]
 [ 0  0  0  8  2 10  9  0  1]
 [ 3  0  1  2  1  4  1 18  0]
 [ 1  0  1  1  2  1  1  1 22]]"
174,"[[11  1  0 10  1  6  1  0  0]
 [ 2 18  3  1  1  2  0  0  0]
 [ 0  5 21  1  0  3  0  0  0]
 [ 3  3  1 11  1  4  3  0  1]
 [ 8  1  0  2  2 15  0  1  1]
 [ 6  1  2  3  2 10  2  0  1]
 [ 0  0  0 11  2 12  4  0  1]
 [ 5  0  1  1  1  4  0 18  0]
 [ 2  2  1  2  0  1  0  0 22]]"
175,"[[ 7  1  0  4  7  8  3  0  0]
 [ 0 15  7  1  2  2  0  0  0]
 [ 0  4 22  1  0  3  0  0  0]
 [ 0  1  0  6  8  5  7  0  0]
 [ 4  0  1  2  6 13  0  3  1]
 [ 5  1  2  1  7  9  2  0  0]
 [ 0  0  0  1  2 16  6  2  3]
 [ 3  0  2  1  1  4  1 18  0]
 [ 1  2  0  0  2  0  2  1 22]]"
176,"[[ 8  1  0  9  6  5  1  0  0]
 [ 1 13  8  1  2  2  0  0  0]
 [ 0  2 23  1  0  4  0  0  0]
 [ 1  0  0 10  5  5  6  0  0]
 [ 5  0  0  4  6 12  0  2  1]
 [ 4  0  3  4  7  6  3  0  0]
 [ 1  0  0  9  2 10  8  0  0]
 [ 3  0  1  2  1  4  1 18  0]
 [ 1  0  1  1  2  1  1  1 22]]"
177,"[[11  1  0 10  2  5  1  0  0]
 [ 2 14  7  1  1  2  0  0  0]
 [ 1  4 21  1  0  3  0  0  0]
 [ 5  0  0 10  2  5  4  0  1]
 [10  0  0  3  3 12  0  1  1]
 [ 6  1  2  3  2  9  3  0  1]
 [ 2  0  0 10  2 12  4  0  0]
 [ 5  0  1  1  0  4  1 18  0]
 [ 2  1  0  2  0  2  0  1 22]]"
178,"[[ 7  1  0  2  4  9  5  0  2]
 [ 1 18  4  0  1  3  0  0  0]
 [ 0  5 21  1  0  3  0  0  0]
 [ 1  2  0  5  5  6  8  0  0]
 [ 6  1  0  2  4 15  0  1  1]
 [ 6  1  2  1  2 11  3  0  1]
 [ 0  0  0  1  2 16  8  0  3]
 [ 3  2  1  1  0  4  2 17  0]
 [ 1  3  0  0  1  1  2  0 22]]"
179,"[[ 8  1  0  8  5  5  1  0  2]
 [ 0 17  5  1  2  2  0  0  0]
 [ 0  4 21  1  0  3  0  0  1]
 [ 1  0  0  8  8  5  3  0  2]
 [ 4  0  0  4  8  9  0  3  2]
 [ 5  1  2  2  6  7  3  0  1]
 [ 0  0  0  9  2 11  4  1  3]
 [ 4  0  1  2  2  3  0 18  0]
 [ 1  1  0  1  2  1  1  1 22]]"
180,"[[11  0  0  9  4  4  1  1  0]
 [ 2  9 13  1  1  1  0  0  0]
 [ 0  1 25  1  0  3  0  0  0]
 [ 6  0  0  7  6  5  2  0  1]
 [10  0  1  3  5  6  0  4  1]
 [ 6  0  3  3  6  6  3  0  0]
 [ 2  0  0 11  2 11  3  1  0]
 [ 5  0  1  1  2  3  0 18  0]
 [ 2  0  1  1  1  1  1  1 22]]"
181,"[[ 8  1  0  9  2  6  2  0  2]
 [ 2 12  9  1  0  2  0  1  0]
 [ 0  1 24  1  0  4  0  0  0]
 [ 3  0  0  9  1  5  6  1  2]
 [ 4  0  0  3  4 14  0  3  2]
 [ 6  0  3  3  2  8  4  0  1]
 [ 0  0  0  8  2 11  5  1  3]
 [ 3  0  1  2  0  4  2 18  0]
 [ 2  0  1  1  0  2  1  1 22]]"
182,"[[ 6  1  0  8  5  6  2  0  2]
 [ 0 21  1  1  2  2  0  0  0]
 [ 0  7 19  1  0  3  0  0  0]
 [ 0  4  0  7  4  4  6  0  2]
 [ 3  1  0  3  5 13  0  3  2]
 [ 3  3  0  5  6  5  4  0  1]
 [ 0  1  0  9  2  9  6  0  3]
 [ 0  3  0  2  1  3  2 19  0]
 [ 0  2  0  1  2  1  1  1 22]]"
183,"[[11  1  0  5  6  5  2  0  0]
 [ 2 20  1  1  1  2  0  0  0]
 [ 0  7 19  1  0  3  0  0  0]
 [ 4  2  0  5  7  4  4  0  1]
 [ 9  3  0  2  8  7  0  0  1]
 [ 6  1  2  2  6  7  3  0  0]
 [ 2  1  0  8  2 11  4  0  2]
 [ 5  0  1  1  2  3  0 18  0]
 [ 2  3  0  1  1  0  1  0 22]]"
184,"[[10  1  0  6  5  4  3  1  0]
 [ 0  8 18  1  0  0  0  0  0]
 [ 0  1 25  1  0  3  0  0  0]
 [ 2  0  1  7  4  5  8  0  0]
 [ 5  0  2  3  6  8  0  5  1]
 [ 6  0  3  5  4  5  4  0  0]
 [ 1  0  0  9  2 10  7  1  0]
 [ 2  0  3  1  1  3  2 18  0]
 [ 2  0  2  1  1  0  1  1 22]]"
185,"[[ 8  1  0 11  2  4  2  2  0]
 [ 0 12 11  1  0  1  0  2  0]
 [ 0  1 24  1  0  3  0  1  0]
 [ 2  0  0 12  0  5  4  4  0]
 [ 4  0  1  5  0 10  0  9  1]
 [ 5  0  3  7  1  7  3  1  0]
 [ 1  0  0 12  1 12  2  2  0]
 [ 1  0  2  4  0  4  0 19  0]
 [ 2  0  1  2  0  2  1  1 21]]"
186,"[[10  1  0  6  5  6  2  0  0]
 [ 2 20  1  1  1  2  0  0  0]
 [ 0  7 19  1  0  3  0  0  0]
 [ 4  2  0  5  6  4  5  0  1]
 [ 7  1  0  2  5 12  0  2  1]
 [ 6  1  2  2  4  9  2  0  1]
 [ 1  0  0  9  2 16  2  0  0]
 [ 5  0  1  1  2  3  0 18  0]
 [ 2  2  0  1  1  0  1  1 22]]"
187,"[[ 8  1  0  4 10  3  4  0  0]
 [ 0 18  4  1  2  2  0  0  0]
 [ 0  5 21  1  0  3  0  0  0]
 [ 0  2  0  6  8  4  6  0  1]
 [ 5  2  0  3  9  6  0  3  2]
 [ 4  1  2  2  8  6  4  0  0]
 [ 1  1  0  5  2  8  9  0  4]
 [ 4  0  1  1  2  3  1 18  0]
 [ 1  2  0  0  2  0  2  1 22]]"
188,"[[ 6  1  0 14  2  6  1  0  0]
 [ 0 12 14  1  0  0  0  0  0]
 [ 0  1 26  1  0  2  0  0  0]
 [ 1  0  2 12  2  5  5  0  0]
 [ 2  0  2  5  4 13  0  3  1]
 [ 5  0  3  7  3  6  3  0  0]
 [ 0  0  0 13  2  9  5  0  1]
 [ 1  0  3  4  0  4  0 18  0]
 [ 1  0  2  1  2  1  1  0 22]]"
189,"[[10  1  0  7  2  6  3  1  0]
 [ 2 13  9  1  0  2  0  0  0]
 [ 0  1 25  1  0  3  0  0  0]
 [ 5  0  1  8  1  5  7  0  0]
 [ 7  0  1  2  2 12  0  5  1]
 [ 6  0  3  4  1 10  3  0  0]
 [ 1  0  0  8  2 12  5  2  0]
 [ 2  0  2  1  0  4  2 19  0]
 [ 2  0  1  0  0  2  2  1 22]]"
190,"[[ 8  1  0  7  8  4  2  0  0]
 [ 2 17  5  1  1  1  0  0  0]
 [ 0  5 21  1  0  3  0  0  0]
 [ 2  2  0  6  7  4  6  0  0]
 [ 8  2  0  2  9  5  0  3  1]
 [ 5  1  2  3  7  6  3  0  0]
 [ 2  1  0 11  2  9  5  0  0]
 [ 5  0  1  1  2  3  0 18  0]
 [ 1  2  0  0  2  0  2  1 22]]"
191,"[[ 9  1  0 10  2  5  3  0  0]
 [ 2 13  8  1  1  2  0  0  0]
 [ 0  1 25  1  0  3  0  0  0]
 [ 1  0  0 12  4  5  5  0  0]
 [ 3  0  1  4  5 13  0  3  1]
 [ 5  0  3  7  2  7  3  0  0]
 [ 1  0  0 13  2 10  4  0  0]
 [ 1  0  3  2  1  3  2 18  0]
 [ 1  0  1  2  1  2  1  1 21]]"
192,"[[ 4  1  0 11  2  8  3  1  0]
 [ 2 11  9  2  0  3  0  0  0]
 [ 0  1 23  1  0  5  0  0  0]
 [ 0  0  0 11  3  8  5  0  0]
 [ 2  0  0  4  3 18  0  2  1]
 [ 3  0  3  8  1 10  2  0  0]
 [ 0  0  0 11  2 13  3  0  1]
 [ 1  0  2  2  0  4  2 19  0]
 [ 0  0  1  2  1  3  1  1 21]]"
193,"[[ 9  0  0  5  5  6  4  0  1]
 [ 2 10 11  1  1  2  0  0  0]
 [ 1  1 24  1  0  3  0  0  0]
 [ 4  0  0  5  6  5  7  0  0]
 [ 7  0  1  2  6 10  0  3  1]
 [ 6  0  3  3  6  6  3  0  0]
 [ 1  0  0  7  3  9  8  1  1]
 [ 4  0  1  1  1  3  2 18  0]
 [ 1  0  1  0  2  1  2  1 22]]"
194,"[[ 9  0  0  7  4  4  2  1  3]
 [ 2 15  6  1  1  2  0  0  0]
 [ 0  4 21  1  0  3  0  0  1]
 [ 1  1  0  8  5  5  5  0  2]
 [ 6  1  0  3  5 10  0  3  2]
 [ 6  1  2  4  4  6  3  0  1]
 [ 0  0  0  9  2  9  5  0  5]
 [ 3  0  1  2  1  3  2 18  0]
 [ 1  2  0  1  1  1  1  1 22]]"
195,"[[ 7  1  0  7  5  5  2  2  1]
 [ 0 12 13  1  0  1  0  0  0]
 [ 0  1 26  1  0  2  0  0  0]
 [ 0  2  1 10  2  5  6  1  0]
 [ 2  0  1  3  5 14  0  3  2]
 [ 4  0  3  6  4  7  3  0  0]
 [ 0  0  0 11  2 10  5  1  1]
 [ 0  1  3  2  0  4  2 18  0]
 [ 0  2  0  1  1  2  1  1 22]]"
196,"[[ 8  1  0  4  8  6  3  0  0]
 [ 1 12 13  1  0  0  0  0  0]
 [ 0  1 26  1  0  2  0  0  0]
 [ 2  2  1  6  6  5  5  0  0]
 [ 3  0  2  3  6 13  0  2  1]
 [ 5  0  3  2  7  8  2  0  0]
 [ 0  0  0  6  5 12  7  0  0]
 [ 1  0  5  1  1  3  2 17  0]
 [ 0  1  2  0  1  2  2  0 22]]"
197,"[[ 9  1  0  8  4  4  3  1  0]
 [ 2 13 10  1  0  1  0  0  0]
 [ 0  1 26  1  0  2  0  0  0]
 [ 5  0  1  8  2  5  6  0  0]
 [ 7  0  1  3  5 10  0  3  1]
 [ 6  0  3  5  4  6  3  0  0]
 [ 1  0  0 11  2 10  5  1  0]
 [ 4  0  1  1  1  3  2 18  0]
 [ 2  1  1  1  0  1  1  1 22]]"
198,"[[ 8  1  0  9  0  7  2  2  1]
 [ 2 13  7  2  0  3  0  0  0]
 [ 0  1 23  1  0  4  0  1  0]
 [ 3  0  0 11  0  6  6  1  0]
 [ 4  0  0  3  2 16  0  3  2]
 [ 6  0  3  3  0 12  2  0  1]
 [ 0  0  0 13  0 13  3  0  1]
 [ 3  0  1  2  0  4  2 18  0]
 [ 1  1  0  1  0  3  1  1 22]]"
199,"[[ 6  0  0  9  4  5  2  0  4]
 [ 1 15  5  1  2  2  0  0  1]
 [ 0  1 24  1  0  3  0  0  1]
 [ 0  0  0  9  2  5  5  0  6]
 [ 2  0  1  3  5 14  0  2  3]
 [ 3  1  2  5  3  7  3  0  3]
 [ 0  0  0  9  2  8  5  0  6]
 [ 1  0  1  2  0  4  2 18  2]
 [ 0  1  0  1  1  2  1  1 23]]"
200,"[[ 8  1  0  6  6  6  2  0  1]
 [ 2 14  7  1  1  2  0  0  0]
 [ 0  1 23  1  0  4  0  1  0]
 [ 3  1  0  8  5  5  5  0  0]
 [ 5  1  0  2  8  9  0  3  2]
 [ 5  0  3  3  6  6  3  0  1]
 [ 0  0  0  8  2 10  6  1  3]
 [ 4  0  1  1  2  3  1 18  0]
 [ 2  2  0  1  1  0  1  1 22]]"
